"DESCRIPTION","DURATION IN MS","NAME","PARENT SUITE","START TIME","STATUS","STOP TIME","SUB SUITE","SUITE","TEST CLASS","TEST METHOD"
"Test login with empty password","99","test_empty_password","tests","2026-06-10","passed","2026-06-10","","test_login","",""
"Verify a user can log in, add an item, and complete checkout.","283","test_login_to_checkout_flow","tests","2026-06-10","passed","2026-06-10","","test_checkout_flow","",""
"Test successful login with valid credentials","96","test_successful_login","tests","2026-06-10","passed","2026-06-10","","test_login","",""
"This test is expected to fail so the failure-reporting hooks can be shown.

It logs the steps in plain English and then intentionally fails.
","73","test_failure_logging_demo","tests","2026-06-10","skipped","2026-06-10","","test_failure_logging_demo","",""
"Test login with invalid credentials","94","test_invalid_credentials","tests","2026-06-10","passed","2026-06-10","","test_login","",""
"Test login with empty username","97","test_empty_username","tests","2026-06-10","passed","2026-06-10","","test_login","",""
